Country,Continent
USA,North America
Germany,Europe
Japan,Asia
India,Asia
Brazil,South America
South Africa,Africa
Australia,Oceania
UK,Europe
Canada,North America
China,Asia
Russia,Europe
France,Europe
Mexico,North America
Argentina,South America
Nigeria,Africa